message|label
@Karmaleonic Estas mal, a los tres magrebÃ­es que han violado a una chica, uno se ha escapado a Marruecos, y los otros dos estÃ¡n en libertad a espera de juicio porque el juez no cree que exista riesgo de fuga.|
@Biba4343 @populares @pablocasado_ El PP tiene que pedir PERDÃ“N a todos los EspaÃ±oles, por el daÃ±o que nos estÃ¡n haciendo, son ustedes unos COBARDES, todos los INMIGRANTES ILEGALES, deportaciÃ³n inmediata YA Roban, violan, okupan, agreden violenta/, homÃ³fobos, machistas, segracionistas, intolerantes religiosos...|
"Un diputado de Navarra Suma saca los colores a Montero y el PSOE por el ""pacto de la infamia"" con Bildu"|
Una recomendaciÃ³n del Parlamento Europeo que discrimina a todos los hombres europeos. @Europarl_EN Una nueva ideologÃ­a totalitaria planea sobre europa como cuando todo era culpa de los judÃ­os y comunistas|
Cartagena. Vecinos denuncian continuos robos. Grupo de 5-6 magrebÃ­s. en ciudad y campo. Â¿DÃ³nde estÃ¡n la PolicÃ­a y la Guardia Civil? Uno por otro, la casa sin barrer. EstÃ¡n identificando y multando a ciudadanos que pasean porque es lo que exigen sus jefes, estadÃ­sticas. #Basura|
@ElLehrer 2/2 mucha gente en serio piensa que si estÃ¡n las cosas mal es porque la gente no hace lo correcto para salir adelante. Y si piensa que estÃ¡ haciendo le culpa a todos los hippies, vagos, LGTBQ, judios, comunistas o lo que sea por su situaciÃ³n. Esta charla va a continuar x muchoğŸ˜˜|
@unkaos @Alvisepf @guardiacivil Como los de ETA , indepes o los ilegales y menas?|
"@Carlosiden2225 Me habÃ­a asustado. PensÃ© que ponÃ­a ""Basta de moros voladores"""|
El problema es que los medios hacen sangre de los policÃ­as mientras callan las tropelÃ­as de los inmigrantes ilegales. Vaya democracia nos estÃ¡ quedando.|
La Cartuja vibrÃ³ con el himno de EspaÃ±a|
Ya comenzÃ³ la migraciÃ³n descontrolada, inmigrantes dicen que pasan por el lado de los militares y no les impiden el paso, la pregunta para que sirve el ejÃ©rcito si no Es para resguardar Chile|
Â¿Sorpresa? Esperanza Aguirre y su marido vendieron un Goya inÃ©dito por cinco millones sin protegerlo como bien cultural para ahorrarse impuestos a travÃ©s de @eldiarioes|
@BeaMfc_ @HennesseyDaddy7 @fatimacruzr cuando dije eso ajdjajd dije que mexico tiene mexicanos, decir de la nada latinos (aunque lo son) suena como que latinoamerica = mexico|
@restre500 Quieren movida, que tengan cuidado con los sudacasğŸ‘¿|
El twuitter me dejÃ³ sin mis Ãºltimas publicaciones. No tienen caso .decÃ­s lo que ellos no quieren y te demuestran que son judÃ­os y no tienen soluciÃ³n.|
@Felipe_Cano_ @populares Hace tiempo ,hacia RamadÃ¡n un compaÃ±ero,y se molestaba porq yo bebÃ­a agua delante de Ã©l ,claro le dan Ã­nfulas de superioridad ,eso pasa con los menas,con los inmigrantes,con los gitanos y todos.los colectivos ,q se creen q por ser de ese idem, estan x encima @sanchezcastejon|
@CETLG284 @EmiZrate4 Los Mexicanos se resisten a recibir educaciÃ³n? No. Los gitanos si. Los Mexicanos robamos cada cosa que vemos conveniente? No. (Hay un vergo de gente huevona, y la identificamos facil si sigue a AMLO). Los Gitanos si. Literalmente esos te agarran entre varios los muy cobardes.|
@MartaNebot @publico_es Te imaginas que te violasen una manada de magrebÃ­es,yo me iba a estar descojonando dos meses.|
SegÃºn la DelegaciÃ³n del Gobierno en Canarias las infracciones penales cayeron un 6% el Ãºltimo trimestre del 2020 en las islas. PercepciÃ³n vs realidad.|
@DMatamala Estamos aburridos de la violencia en las calles todos contra todos. Para mas remate inmigrantes violentos delincuentes infiltrados. Pero hay personas que los protegen.|
@BeatrizTalegon no se os escucha cuando una manada de magrebÃ­es viola a alguna chica espaÃ±ola... no tenÃ©is vergÃ¼enza|
PolÃ­ticos miserables llenan nuestras calles de inmigrantes ilegales, la mayorÃ­a musulmanes, para esparcir la inseguridad y el terror y vendernos despuÃ©s una falsa protecciÃ³n a cambio de que les entreguemos nuestros derechos y libertades. Sois basura. #SOSCANARIAS #StopInvasiÃ³n|
Yotuel hace campaÃ±a para q los delincuentes Maikel Osorno y el Funky, asistan a la payasada q le montÃ³ la CIA; donde serÃ¡ el payaso principal, en la entrega d los Grammy Latinos. Le pregunto, quien los va a venir a buscar? Tu Yotuel, nooooo, eres muy cobarde para eso #Cuba|
ğŸ‘®ğŸ»â€â™‚ Dos detenidos tras una batalla campal entre magrebÃ­es y sudamericanos en el centro de Palma con palos y gas pimienta #Palma #PolicÃ­aNacional #InmigraciÃ³n|
@NisaAlberto @carlagaleote Claro, serÃ¡ eso. No serÃ¡ que estamos cansados de que cada dos semanas una manada de magrebÃ­es agreda sexualmente a una chavala|
ğŸ“Œ Ceuta comunica 53 casos en 24 horas y dos fallecidos por ##Covid_19 ğŸ“Œ Murcia informa de 903 nuevos contagios y 11 fallecidos en un dÃ­a.|
@SAbichuelo @Vietgal1 Dicen que eran menas. Igual se estaban metiendo con Ã©l y Ã©l los grabÃ³. O igual no. La verdad es que se han oÃ­do muchas cosas, mejor esperar a que se aclare un poco el tema.|
Guerra en la que ilegales magrebÃ­es nos agreden y los medios cancerÃ­genos lo okultanğŸ˜¡ğŸ˜¡ğŸ˜¡no lo callaremos, difundir|
@AitorMiller Pues no ha llovido, tonto el nabo.|
@CarmenMarLan35 Lo hacen por dinero, como en cualquier oficio. De cuando en cuando te encuentras con alguna obligada, pero igual que pasa en el campo con algunos inmigrantes subsaharianos, rumanos, bÃºlgaros, etc. Son casos raros. La mayorÃ­a viven de su cuerpo porque es cÃ³modo y rentable.|
@All_themwitches @PiensaPrensa @BastianFuentesA no sabes lo que realmente pasa en chile, mÃ¡s bien iquique una ciudad tranquila llena de paz que se estÃ¡ llenando de inmigrantes ilegales, los cuales son delincuentes y/o sicarios. Ahora parece una ciudad como las de mexico o colombia|
Porque los judÃ­os exigen signos, los griegos buscan sabidurÃ­a; pero nosotros predicamos a Cristo crucificado: escÃ¡ndalo para los judÃ­os, necedad para los gentiles; pero, para los llamados -judÃ­os o griegos-, un MesÃ­as que es fuerza de Dios y sabidurÃ­a de Dios.|
ğŸ”´ Barcelona 5 individuos de origen extranjero agreden a un hombre en Barcelona para robarle el reloj. Ya estÃ¡n detenidos por los Mossos.|
voy a ir a quemar la Moncloa como perdamos esos territorios por parte de menas de 13 aÃ±os.|
El Arsenal se mueve por Jovic|
@abc_es Claro que sÃ­. Todos son intÃ©rpretes no? Y,claro..querÃ­a traer a toda su familia no? Y vivir a costa de las ayudas que a los espaÃ±oles no les dan con el dinero pÃºblico que ellos no pagan. Triste mis cojones. Â¿Por quÃ© no los quieren en paÃ­ses musulmanes?.|
@controladores Inmigrantes ilegales paralizan el aeropuerto de Palma al huir de un aviÃ³n marroquÃ­|
@elmundoes Curro JimÃ©nez ..SÃ¡nchez alias el bandolero..el que roba a su pueblo para ayudar a los mÃ¡s desfavorecidos a vagos.inmigrantes.ninis.menas.moros.negros.okupas.violadores .delincuentes.pues yo le aconsejo que ayude a la gente trabajadora y a los empresarios .|
La historia de la primera #Karen y los #michis te harÃ¡ derramar varias lÃ¡grimas. @AztecaNoticias|
"""IraquÃ­es no Ã¡rabes ni musulmanes, los yazidÃ­es han constituido durante mucho tiempo una de las minorÃ­as mÃ¡s vulnerables de este paÃ­s. Miles de ellos huyeron de las persecuciones bajo el rÃ©gimen de Sadam Husein (1979-2003)."""|
â¡ï¸Los obispos espaÃ±oles ven â€œestupendoâ€ que musulmanes, judÃ­os y evangÃ©licos tengan su casilla de la X @prensaCEE @DiocesisBilbao @iglesiaenaragon|
@EJLantigua Soto va a estar a nivel de Harper/Tatis. Ya debemos dejar de privar en #victimas en todo. Los latinos tan sÃºper bien pagados. Y si no gana premiosâ€¦es porque no los merecen.|
ğŸ“Las RaÃ­ces, TENERIFE. ğŸ’°Millones de â‚¬ de nuestros bolsillos en plena crisis, para mantener a esta lacra de delincuentes que no quieren en su paÃ­s. â¡ï¸ Ni una sola mujer, ancian@, niÃ±@s pequeÃ±os, solo hombres... #StopInmigraciÃ³nIlegal #LaÃ‘EstÃ¡EnPeligro #LevantandoEspaÃ±a|
@javierremirez Sois unos sinvergÃ¼enzas inÃºtiles!! Cerrando bares y restaurantes mientras dejÃ¡is los aeropuertos abiertos al turismo de paÃ­ses mucho mÃ¡s afectados de COVID y dejando campar a sus anchas a inmigrantes ilegales! CÃ³mo va la acogida de MENAS RemÃ­rez? A cuÃ¡ntos te has metido en casa?|
@contrastado Barcelona la ciudad que fue. Y a la cumbre del clima la ESPAÃ‘A progHEZ lleva a Colau la coartada de; ilegÄ…les mÄ™nas mantÄ™ros ocupÄ…s antisÄ¯stemas antifÄ…scistas golpÄ¯stas......|
@cuevas_dawson Cripto judÃ­os con DNI espaÃ±ol|
@carbonitedan @FranFransor1 @hasta_el_mismo3 @Mazinguer88 Llamamos escoria cuando es un espaÃ±ol el que agrede , pero miramos hacia otro lado cuando hay decenas de agresiones por parte de menas y musulmanes a diario . No hay nada que explicar , usted parece lo bastante inteligente como para entender lo que ocurre en este paÃ­s .|
Los chilenos, tanto como los judÃ­os y toda naciÃ³n, tenemos todo derecho a poner condiciones a quiera avencindarse entre nosotros. Los que alegan que los inmigrantes ilegales tienen mejores derechos que los nuestros son totalitarios y usualmente criminales|
Estos son los 14 directivos que dirigirÃ¡n la nueva CaixaBank tras la fusiÃ³n con Bankia|
Ser buena persona,no significa que te dejes poner colarad@ a golpes...Pues lo mismo con los inmigrantes ilegales: Me gustarÃ­a ayudarte,PERO la gente q a levantado este paÃ­s va primero cariÃ±Ã³ ğŸ˜˜ #LevantandoEspaÃ±aConVox #LevantandoEspaÃ±a #TeamVox|
El IPC de diciembre ha subido al 6'7% mientras las pensiones las suben un 2'5%. Resumen= Bajan un 4'2% y traen mÃ¡s ilegales subsaharianos y magrebÃ­es con subsidios. Agenda 2030.ğŸ¤”ğŸ‡ªğŸ‡¦|
Vecinos de Casabermeja (MÃ¡laga) se hartan de los okupas: batalla campal contra los delincuentes|
@danypunkz @DommSantista1 Ya despuÃ©s llego @JZERMENOI y Torreo valio pura verga....pero si...si mi estimado @danypunkz ....VENCIMOS AL PUTO DESIERTO, A pesar de chinos cabrones, espaÃ±oles ventajosos y Ã¡rabes vergones(ğŸ˜) , se venciÃ³ como lagunerosÂ¡Â¡Â¡Â¡ *suena Viento de Apache***|
@CapitanBitcoin Lo que no puedo comprender es el estancamiento de jÃ³venes entre 40 y 20 aÃ±os en temas como el de los menas y exmenas.Ellos tienen que cumplir con la ley ,son espaÃ±oles y muchos en casa de papi.A los IILEGALES que deberÃ­an ser deportados les dan.... y ellos no reaccionan.Asi .....|
âœŠ Â¡Maldito #karma! Detenido uno de los jueces que defendiÃ³ la Ley de Violencia de GÃ©neroâ€¤.. por una denuncia de su mujer|
Cuando los agresores son magrebÃ­s la agresiÃ³n no es homÃ³foba.|
Dos ladrones magrebÃ­es abusan sexualmente de una joven e intentan desnudarla en una plaza del centro de Valencia|
AndalucÃ­a endurece las sanciones por infringir medidas sanitarias: Â¡600.000 â‚¬ por incumplir aforos!|
@eldonaji @T13 Bueno, yo tengo de vecinos a ambos lados de mi casa a inmigrantes y mi vecina Chilena, cree que ellos son delincuentes que vienen a quitarle la pega a los Chilenos, los prejuicios y xenofobia ciegan mas allÃ¡ de lo evidente.|
que viva Venezuela que viva la revoluciÃ³n bolivariana que viva nicolas maduro moros primitivo cedeÃ±o gobernador de portuguesa|
Un aplauso a las patronas que le dan una mano amiga a los inmigrantes.|
@Alex_LeonD Que los cristianos celebren la Navidad asÃ­ como los musulmanes celebran el Ramadam y nadie se ofende. Â¿Por quÃ© a los cristianos se los discrimina? La doble moral de estos pseudo gobernantes, deberÃ­an dar gracias a Dios porque su prosperidad vino gracias al cristianismo.|
O la kakuna no sirve o los menas que la lÃ­an. Pero algo no funciona en CataluÃ±a. Ambas me da a mi. #Soloquedavox|
3 magrebÃ­es detenidos en Barcelona por robar el reloj a una turista alemana de 80 aÃ±os. Ya han quedado en libertad.|
@NeoReaccionario Bergoglio es un falso papa. Diversos grupos dentro de la iglesia CatÃ³lica e incluso algunos judÃ­os entienden que estamos finalmente ante el FALSO PROFETA anunciado en el libro del ApocalÃ­psis.|
@MarceloSjw @siervo_creyente @Pablo51728734 @electo_mania Los Romanos eran los peores enemigos de los Judios y Cristianos, Â¿entonces porquÃ© YHWH en lugar de castigarlos los eligiÃ³ para organizar su Palabra en Nicea? No lo se, piensalo, tal vez esos Reyes te engaÃ±aronğŸ˜„|
@simangeo Que clichÃ© tan barato, intentando llamar feministas tontas a tu causa. Muy ridÃ­culo, porque HAMAS VICTIMIZA MUJERES y no es una inocente e indefensa mujer violada, es una organizaciÃ³n jurada para matar judÃ­os y destruir ISRAEL. No lo veras pasar. Tu alma seguirÃ¡ atormentada !ğŸ¤¡|
Â¿QUÃ‰ HACEN LA HEZQUIERDA Y LOS MEDIOS CÃ“MPLICES ANTE ESTOS HECHOS QUE ESTÃN SIENDO MUY FRECUENTES? Y LAS #Feministas, Â¿QUÃ‰ HACEN CON ESTAS AGRESIONES DE INVASORES DELINCUENTES? #gobiernosocialdelincuente #inmigrantes #delincuentes #bienvenidosabordo|
@SrLeoS1 @ricardoescu @gustavoaloip SÃ­, para entrar a otros paÃ­ses Ã¡rabes|
Dos magrebÃ­es detenidos en Lugo tras golpear con una barra de hierro a un hombre para robarle vÃ­a @gaceta_es|
QuÃ© fulera la escenificaciÃ³n de los programas de NACIÃ“N+, molesta a la vista todo ese cuadriculado con filetes negros y solo una pantalla a color. Vi a MAJUL, tampoco me gustÃ³, mucha gente!!|
@JMonteroK9 @PerlaRiverenha Hace 1 perro algo sin saber cÃ³mo y por quÃ© y sale en todos los medios. Hasta la raza. De la manada de magrebÃ­es que ha violado a una chica de 17 aÃ±os no he sabido nada. De la manada espaÃ±ola se supo hasta la calle donde vivÃ­an...|
"@VictoriaCF @JuanJoseAvalo1 @edelvallerod Lo dice muy claro ""la MONADA ESA de la cruz roja ayudar a los MAGREBÃES que vienen muy mal"". Habla de todos los magrebÃ­es (referÃ¨ncia a los que vinieron en mayo sin distingir delincuentes) y denigra a la chica. Pero claro, l@s racistas y machistas de mierda de vğŸ¤®x os blanqueÃ¡is."|
Me ha dicho mi madre ya que ni se nos ocurra decirle nada a los gitanos porque tienen cuchillos y navajas, que vaya mirando tapones de estos que aÃ­slan el ruido a tope mejor para poder dormir xd|
@Santi_ABASCAL @Igarrigavaz Sois muy necesarios en la recuperaciÃ³n de CataluÃ±a, imprescindibles!! #NiUnPasoAtras ğŸ’ªğŸ½ #VoxExtremaNecesidad y #ProtejamosEspaÃ±a ğŸ‡ªğŸ‡¦ ğŸ‡ªğŸ‡¦|
Detenidos seis menores magrebÃ­es por encerrar y amenazar a dos cuidadoras de un centro de acogida en Fuerteventura - La Provincia|
#RepÃºblica ğŸš¨ ğŸš“ Uno de los detenidos contaba con una ficha roja de bÃºsqueda, por su probable relaciÃ³n con un grupo delictivo dedicado a la falsificaciÃ³n de medios de pago electrÃ³nicos en diversos paÃ­ses de Europa â¬‡ï¸|
ğŸ’¬ Â«Hay que ser antirracista en lo cotidianoÂ», entrevista a Moha Gerehou, autor de â€œQuÃ© hace un negro como tÃº en un sitio como esteâ€œ ğŸ‘‰ Consulta la entrevista completa en #Reportajes #Racismo #CEAAULA|
@DebatAlRojoVivo Luego viene una manada de magrebÃ­es y te violan en grupo...|
@valkiria642 Las personas normales no se reÃºnen en manada para realizar ese tipo de actos. SÃ³lo los delincuentes y â€œalgunosâ€ extranjeros ilegales, que justificando sus culturas, quieren implantar en EspaÃ±a ğŸ‡ªğŸ‡¸ sus leyes y sus costumbres. #LaÃ‘EstaEnPeligro ğŸ‘‡ğŸ¼|
@AntofagastaTV Grave. Lamentablemente son impunes por su condiciÃ³n de ilegales. Una verdadera mierda eso que llaman INMIGRANTES en Antofagasta|
@iescolar Escolar, la gente estÃ¡ hasta los cojones de las violaciones, agresiones, robos, amenazas y palizas que reciben de menas, magrebÃ­es e inmigrantes ilegales. CoÃ±o, Â¿porque no publicas las violaciones casi diarias que sufrimos por esta gentuza? Hay Barrios que estÃ¡n al limite|
.#ExpulsiÃ³nya Dos magrebÃ­es abusan sexualmente de una joven en una cÃ©ntrica plaza de Valencia|
@Lolxd4K Yo puedo con 10 negros y el pelon de brazzers|
"Pues esta mujer subnormal,enviaba gitanos, extorsionaba estudiantes y los enviaba con el dinero ğŸ’° a ""comprar""Lo que iba es a una muerte segura. Porque tendrÃ­an que ir hasta el amazonas. Porque ya de por si , nadie habla de eso en Ecuador y Colombia. #Navarra #Tudela #Pamplona"|
Una pregunta, despuÃ©s de los mÃºltiples asesinatos cometidos a navajazos y machetazos, las violaciones y las agresiones, como la del policÃ­a de Zaragoza y robos, Â¿podemos decir que los magrebÃ­es son profundamente racistas con los espaÃ±oles o solo somos racistas nosotros?|
#LevantandoEspaÃ±aConVox #LevantandoEspaÃ±a #TeamVox #StopIslamizaciÃ³n Un periodista CATALÃN llama NAZ1 a VOX y GARRIGA le da un REPASO HISTÃ“RI... a travÃ©s de @YouTube|
@hermanntertsch @elespanolcom Lo que se cuenta en esta noticia es terrible. No sÃ³lo abusos sexuales, tambiÃ©n un cÃºmulo de delitos de todos los responsables del centro, de los falsos menas y de todo el que pasaba allÃ­.|
El Gobierno y el PP nacional plantan a las vÃ­ctimas del terrorismo en el 40 aniversario de su asociaciÃ³n|
"@adryR49109310 @MaraJos19539414 @Santi_ABASCAL No se equivoquÃ©, Smith el boina ""Rosa"" Odiando los gays, Olona, las menas, Monasterio pestes de lo inmigrantes del color que sean, Abascal el de polipiel, solo cazar y todos, EspaÃ±a en blanco y negro!! Los espaÃ±oles no queremos eso!!"|
@portilla_montse Ah sÃ­ y tambiÃ©n me dijeron que el Capitalismo y el Socialismo son inventos judÃ­os para controlar todo, y que lo Ãºnico que se opone a esto es el Nacional Socialismo, que si nos va llevar al paraÃ­so. ğŸ˜‚ğŸ¤¡|
@irene_menas Dan ganas de meterse en el agua.ğŸ˜|
ğŸ‘®ğŸ»â€â™‚ï¸ Arrestan a dos magrebÃ­es en Alguazas (Murcia) tras cometer casi una veintena de robos con gran violencia en viviendas #Murcia #PolicÃ­a #InmigraciÃ³n|
Ortega Smith: Â«La violencia tiene una causa directa con la entrada masiva de inmigraciÃ³n ilegalÂ»|
ğŸ“ŒTienen bien aprendida la lecciÃ³n ğŸ‘‡ LOS ESPAÃ‘OLES SON TONTOS y nos mantienen. â˜ï¸Una muestra mÃ¡s de que vienen a integrarseğŸ¤¬ ğŸš™Mercedes de paguita o de droguita? ğŸ¤” #LaÃ‘EstÃ¡EnPeligro|
@eva_sefue @gonza_loco21 Pues siguen en barracones, muertos de asco con cero ayudas y viendo como los inmigrantes ilegales estÃ¡n de puta madre #AscoDeGobierno #Soloquedavox|
@ElHuffPost Â¿Para cuÃ¡ndo una informaciÃ³n sin sesgo y veraz? Hasta entonces, sugiero que informen de las agresiones diarias, violaciones en manada, robos etc..a los espaÃ±oles (de toda condiciÃ³n) por parte de los Menas. Gracias!|
@vox_es @Jorgebuxade Ahora solo queda devolver a los menas a su paÃ­s. Son responsabilidad de sus familias y del gobierno de Marruecos, no de los espaÃ±oles. Se acabÃ³ la tomadura de pelo, fuera pagas y subvenciones, los espaÃ±oles no estamos para mantener a los hijos de los marroquÃ­es.|
@BeatrizValenzu2 @PeterlouisMR @example_1000 Esa es la parte triste no pagarÃ¡n por el delito que han cometido #ArribaVOXvenceremos #VoxExtremaNecesidad #SiguemeYTeSigoVOX|
2 A.M escuchando LOS MOROS. Alguien que me mate|
@Txaro29871396 @Puri10088084 @jjaviervazquez Poruqe no hablan de la violaciÃ³n a la niÃ±a de 17aÃ±os de Vizcaya? Poruqe la han violado una manada de magrebÃ­es?? Se estÃ¡ criminalizando al hombre nativo, ese es el camino|
Es evidente que la izquierda es parte de ETA y ETA estÃ¡ en la Izquierda ya no disimulan creen que los EspaÃ±oles olvidamos y nos da igual. EstÃ¡n equivocados y la izquierda primero desaparecerÃ¡n y luego serÃ¡n ilegales como @EJBildu enemigo #EsHoraDeVox #TeamVox #LevantandoEspaÃ±a|
@CelebiCeleste Odio el de la panda de magrebÃ¬es ue dan la.paliza a uno en Tarrasa.|
@gardenia073 Y esa gente se inyectaron marihuana alguna vez en su vida? Se ven bien jodios|
@rod22daiz @Mark74274260 @Ramon_AlvarezMM Madrid Ciudad racista donde pegan gays negros moros y noruegos|
@sanchezcastejon Centro de menores de Hortaleza, 50 magrebÃ­es, 52 subsaharianos y 5 espaÃ±oles. Pues si hablamos de las cÃ¡rceles espaÃ±olas ya ni te cuento. Esa es la recuperaciÃ³n, mantener delincuentes extranjeros|
@vox_es Claro, como parte de futuros VOTANTES del PSOE y PODEMOS...COLECTIVOS de DROGADICTOS ADOCTRINADOS CRIMINALES CASTROCHAVISTAS, OKUPAS, MENAS E INMIGRANTES ILEGALES QUE TRAEN Y ALOJAN POR TODA ESPAÃ‘A..Y, que corren a darles nacionalidad, para que puedan votar, adivinen por quien?|
Lo que #Iquique necesita, son turista que traigan dinero y desarrollo. No necesitamos inmigrantes Ilegales que sÃ³lo traen pobreza, delincuencia, asesinatos, violaciones y suciedad. Exijimos su pronta expulsiÃ³n|
@LaGacetaSA Para cuando un especial sobre inmigraciÃ³n ilegales que viola a niÃ±as espaÃ±olas, MagrebÃ­es marroquÃ­es y subsaharianos, bandas latinas y sinverguezas varios que roban, trafican, okupan y delinquen por toda la geografÃ­a espaÃ±ola y europea. Lo tienes fÃ¡cil, sÃ³lo tienes que mirar.|
@hermanntertsch Canarias exporta menas e ilegales. Ada no los quiere mÃ¡s|
@MoiraAisa @HELIODOPTERO Maldita CORRUPCIÃ“N tan hp que tiene nuestro hermoso PAÃS, con la catÃ¡strofe de hace 4 aÃ±os, Colombia recibiÃ³ varios MILLONES DE DÃ“LARES por China, Emiratos Ãrabes y otros paÃ­ses para ayudar MOCOA, entonces que hicieron esa plata para asÃ­ haber prevenido otra cosa igual.|
Ecoembes, entidad sin Ã¡nimo de lucro, acusada de inflar la cantidad de envases que recicla|
Seguro PerÃº va a poner ene de su parte con el doble de inmigrantes que nosotros. Para quÃ© hablar de la sÃºper motivada policia boliviana.|
@GabrielSinMas @aljoroco4 @vox_es Porque EspaÃ±a conquistÃ³ AmÃ©rica, pero nosotros incluso nuestra matemÃ¡tica procede de musulmanes, asÃ­ como gran parte de el conocimiento de occidente|
@liberumibero @VinnieMcfly @MLopezSanMartin No bueno. Limosneros y gitanos pero dignos. ğŸ¤£|
@MasMadridCM En vez de enfocarae en el problema atacan a Madrid. Todos los detenidos son magrebies y dominicanos. Los que la izquierda trae en masa y protege mientras les dan una paguita. ğŸ¤®|
@Panda234uwu mi papa se cayo de las escaleras, esta empezando a convulsionar y estÃ¡n entrando unos Ã¡rabes en mi casa|
Gente, no os paseis con la sidrq antes De las camoanadas, yo ya ando con dolor De cabeza XD. feliz ano a todos Los Latinos que ya esteis en 2022|
@LaEtxeberrinche @GitFeministas @gitanos_org @fakaligitanas @romiasociacion @Kamirafed @FAGIC1 @gitanos_org_MA @gazkalo Lo peor ya no es solo lo que dice si no como lo dice.|
Escuchar decir a Emilio â€œ HOLA TODES â€œ me dice que estamos muy jodios como sociedad ğŸ“‰ğŸ“‰|
@JavierVillamor Pues ya he visto a muchos musulmanes por aquÃ­ que los defienden.|
Â¡Hola @SaludMadrid! Tenemos a una persona que ha estado en contacto #DIRECTO con un positivo ğŸ”´ CONFIRMADO de #COVID19 y no consigue que le hagan el PCR. Â¿Esto es normal? Gracias. Cc @sanidadgob|
"YouTube () El otro Biden: en 2006 votÃ³ ""por 700 millas de muro"" y criticaba la inmigraciÃ³n ilegal En 2006 Joe Biden criticaba a los inmigrantes ilegales y pedÃ­a reforzar el muro"|
@irene_menas San Abundio fue el cuarto obispo de la ciudad italiana de Como, sucediendo a San Amancio, que tambiÃ©n las liaba...|
La Ãºltima de Marlaska: no tolera que se hable de menas Â«fugadosÂ» sino de Â«desaparecidosÂ»|
Es un chico de una familia muy conocida de Valencia. 16 aÃ±os, un tiarrÃ³n de 1,90 que nada pudo hacer contra un grupo de MENAS delincuentes. Esperaron a que se separase de sus amigos para atacarle por la espalda. Le robaron y se ensaÃ±aron con Ã©l en el suelo destrozÃ¡ndole la cara.|
@islamenmurcia @VivirSinRacismo @CONGDRMurcia @pacoviudes @GinesRuizMacia @mgfigal @Llampico @Ballesta_Murcia @SerranoJAntonio @antelini @VicepresidenRM Vaya por delante mi condena pero ....ellos condenan las agresiones en manada de magrebÃ­es ?|
@occidcomitatus Me puse a leer sobre Ã©l, y si bien el cartaginÃ©s me sigue pareciendo superior en cuanto a cruce por pasos montaÃ±osos respecta, el romano no deja de ser notable. Eso si, como quedaron Ã©l y los persas le dejÃ³ camino libre a los Ã¡rabes de manera que ninguno de los 2 esperaba jajaja|
@OtraPendeja Salen esos panchitos, pizzas, picadas, choris, snacks, gaseosas y demÃ¡s. Todo sin etiquetado asÃ­ termina de enloquecer.|
@yag6mi @denjikiut @drak69n nos cambio por alguno d sus inmigrantes seguro|
@desdelamoncloa @sanchezcastejon @Defensagob @MAECgob @inclusiongob Les recuerdo q ustedes y @PODEMOS nos llenaron nuestros barrios d bandas d delincuentes, magrebies q entraron ilegalmente por Canarias, Ceuta y Andalucia. Las mafias okupas q uds protegen invaden nuestra propiedad, y los propietarios nos quedamos en la calle. Esto q es lo q es.ğŸ‘‡|
