|message|label|probability
0|@Karmaleonic Estas mal, a los tres magreb√≠es que han violado a una chica, uno se ha escapado a Marruecos, y los otros dos est√°n en libertad a espera de juicio porque el juez no cree que exista riesgo de fuga.|1.0|0.9970192
1|@Biba4343 @populares @pablocasado_ El PP tiene que pedir PERD√ìN a todos los Espa√±oles, por el da√±o que nos est√°n haciendo, son ustedes unos COBARDES, todos los INMIGRANTES ILEGALES, deportaci√≥n inmediata YA Roban, violan, okupan, agreden violenta/, hom√≥fobos, machistas, segracionistas, intolerantes religiosos...|1.0|0.99972934
2|"Un diputado de Navarra Suma saca los colores a Montero y el PSOE por el ""pacto de la infamia"" con Bildu"|0.0|0.009744838
3|Una recomendaci√≥n del Parlamento Europeo que discrimina a todos los hombres europeos. @Europarl_EN Una nueva ideolog√≠a totalitaria planea sobre europa como cuando todo era culpa de los jud√≠os y comunistas|0.0|0.2530275
4|Cartagena. Vecinos denuncian continuos robos. Grupo de 5-6 magreb√≠s. en ciudad y campo. ¬øD√≥nde est√°n la Polic√≠a y la Guardia Civil? Uno por otro, la casa sin barrer. Est√°n identificando y multando a ciudadanos que pasean porque es lo que exigen sus jefes, estad√≠sticas. #Basura|1.0|0.9789852
5|@ElLehrer 2/2 mucha gente en serio piensa que si est√°n las cosas mal es porque la gente no hace lo correcto para salir adelante. Y si piensa que est√° haciendo le culpa a todos los hippies, vagos, LGTBQ, judios, comunistas o lo que sea por su situaci√≥n. Esta charla va a continuar x muchoüòò|0.0|0.086883515
6|@unkaos @Alvisepf @guardiacivil Como los de ETA , indepes o los ilegales y menas?|1.0|0.8947866
7|"@Carlosiden2225 Me hab√≠a asustado. Pens√© que pon√≠a ""Basta de moros voladores"""|0.0|0.08181526
8|El problema es que los medios hacen sangre de los polic√≠as mientras callan las tropel√≠as de los inmigrantes ilegales. Vaya democracia nos est√° quedando.|1.0|0.9996737
9|La Cartuja vibr√≥ con el himno de Espa√±a|0.0|0.0002736494
10|Ya comenz√≥ la migraci√≥n descontrolada, inmigrantes dicen que pasan por el lado de los militares y no les impiden el paso, la pregunta para que sirve el ej√©rcito si no Es para resguardar Chile|1.0|0.817319
11|¬øSorpresa? Esperanza Aguirre y su marido vendieron un Goya in√©dito por cinco millones sin protegerlo como bien cultural para ahorrarse impuestos a trav√©s de @eldiarioes|0.0|0.0007131361
12|@BeaMfc_ @HennesseyDaddy7 @fatimacruzr cuando dije eso ajdjajd dije que mexico tiene mexicanos, decir de la nada latinos (aunque lo son) suena como que latinoamerica = mexico|0.0|0.0003025615
13|@restre500 Quieren movida, que tengan cuidado con los sudacasüëø|1.0|0.9997099
14|El twuitter me dej√≥ sin mis √∫ltimas publicaciones. No tienen caso .dec√≠s lo que ellos no quieren y te demuestran que son jud√≠os y no tienen soluci√≥n.|0.0|0.000834718
15|@Felipe_Cano_ @populares Hace tiempo ,hacia Ramad√°n un compa√±ero,y se molestaba porq yo beb√≠a agua delante de √©l ,claro le dan √≠nfulas de superioridad ,eso pasa con los menas,con los inmigrantes,con los gitanos y todos.los colectivos ,q se creen q por ser de ese idem, estan x encima @sanchezcastejon|0.0|0.07141357
16|@CETLG284 @EmiZrate4 Los Mexicanos se resisten a recibir educaci√≥n? No. Los gitanos si. Los Mexicanos robamos cada cosa que vemos conveniente? No. (Hay un vergo de gente huevona, y la identificamos facil si sigue a AMLO). Los Gitanos si. Literalmente esos te agarran entre varios los muy cobardes.|1.0|0.9138728
17|@MartaNebot @publico_es Te imaginas que te violasen una manada de magreb√≠es,yo me iba a estar descojonando dos meses.|1.0|0.99969876
18|Seg√∫n la Delegaci√≥n del Gobierno en Canarias las infracciones penales cayeron un 6% el √∫ltimo trimestre del 2020 en las islas. Percepci√≥n vs realidad.|0.0|0.00024467843
19|@DMatamala Estamos aburridos de la violencia en las calles todos contra todos. Para mas remate inmigrantes violentos delincuentes infiltrados. Pero hay personas que los protegen.|1.0|0.99970514
20|@BeatrizTalegon no se os escucha cuando una manada de magreb√≠es viola a alguna chica espa√±ola... no ten√©is verg√ºenza|1.0|0.9997272
21|Pol√≠ticos miserables llenan nuestras calles de inmigrantes ilegales, la mayor√≠a musulmanes, para esparcir la inseguridad y el terror y vendernos despu√©s una falsa protecci√≥n a cambio de que les entreguemos nuestros derechos y libertades. Sois basura. #SOSCANARIAS #StopInvasi√≥n|1.0|0.99972695
22|Yotuel hace campa√±a para q los delincuentes Maikel Osorno y el Funky, asistan a la payasada q le mont√≥ la CIA; donde ser√° el payaso principal, en la entrega d los Grammy Latinos. Le pregunto, quien los va a venir a buscar? Tu Yotuel, nooooo, eres muy cobarde para eso #Cuba|0.0|0.011334965
23|üëÆüèª‚Äç‚ôÇ Dos detenidos tras una batalla campal entre magreb√≠es y sudamericanos en el centro de Palma con palos y gas pimienta #Palma #Polic√≠aNacional #Inmigraci√≥n|1.0|0.9993217
24|@NisaAlberto @carlagaleote Claro, ser√° eso. No ser√° que estamos cansados de que cada dos semanas una manada de magreb√≠es agreda sexualmente a una chavala|1.0|0.9997291
25|üìå Ceuta comunica 53 casos en 24 horas y dos fallecidos por ##Covid_19 üìå Murcia informa de 903 nuevos contagios y 11 fallecidos en un d√≠a.|0.0|0.0002505931
26|@SAbichuelo @Vietgal1 Dicen que eran menas. Igual se estaban metiendo con √©l y √©l los grab√≥. O igual no. La verdad es que se han o√≠do muchas cosas, mejor esperar a que se aclare un poco el tema.|0.0|0.00039912196
27|Guerra en la que ilegales magreb√≠es nos agreden y los medios cancer√≠genos lo okultanüò°üò°üò°no lo callaremos, difundir|1.0|0.9997049
28|@AitorMiller Pues no ha llovido, tonto el nabo.|0.0|0.36748275
29|@CarmenMarLan35 Lo hacen por dinero, como en cualquier oficio. De cuando en cuando te encuentras con alguna obligada, pero igual que pasa en el campo con algunos inmigrantes subsaharianos, rumanos, b√∫lgaros, etc. Son casos raros. La mayor√≠a viven de su cuerpo porque es c√≥modo y rentable.|1.0|0.50776017
30|@All_themwitches @PiensaPrensa @BastianFuentesA no sabes lo que realmente pasa en chile, m√°s bien iquique una ciudad tranquila llena de paz que se est√° llenando de inmigrantes ilegales, los cuales son delincuentes y/o sicarios. Ahora parece una ciudad como las de mexico o colombia|1.0|0.9997336
31|Porque los jud√≠os exigen signos, los griegos buscan sabidur√≠a; pero nosotros predicamos a Cristo crucificado: esc√°ndalo para los jud√≠os, necedad para los gentiles; pero, para los llamados -jud√≠os o griegos-, un Mes√≠as que es fuerza de Dios y sabidur√≠a de Dios.|0.0|0.0003343796
32|üî¥ Barcelona 5 individuos de origen extranjero agreden a un hombre en Barcelona para robarle el reloj. Ya est√°n detenidos por los Mossos.|1.0|0.7646962
33|voy a ir a quemar la Moncloa como perdamos esos territorios por parte de menas de 13 a√±os.|1.0|0.99969447
34|El Arsenal se mueve por Jovic|0.0|0.00073632156
35|@abc_es Claro que s√≠. Todos son int√©rpretes no? Y,claro..quer√≠a traer a toda su familia no? Y vivir a costa de las ayudas que a los espa√±oles no les dan con el dinero p√∫blico que ellos no pagan. Triste mis cojones. ¬øPor qu√© no los quieren en pa√≠ses musulmanes?.|1.0|0.9995022
36|@controladores Inmigrantes ilegales paralizan el aeropuerto de Palma al huir de un avi√≥n marroqu√≠|1.0|0.801954
37|@elmundoes Curro Jim√©nez ..S√°nchez alias el bandolero..el que roba a su pueblo para ayudar a los m√°s desfavorecidos a vagos.inmigrantes.ninis.menas.moros.negros.okupas.violadores .delincuentes.pues yo le aconsejo que ayude a la gente trabajadora y a los empresarios .|1.0|0.9996855
38|La historia de la primera #Karen y los #michis te har√° derramar varias l√°grimas. @AztecaNoticias|0.0|0.00025856492
39|"""Iraqu√≠es no √°rabes ni musulmanes, los yazid√≠es han constituido durante mucho tiempo una de las minor√≠as m√°s vulnerables de este pa√≠s. Miles de ellos huyeron de las persecuciones bajo el r√©gimen de Sadam Husein (1979-2003)."""|0.0|0.00047272304
40|‚û°Ô∏èLos obispos espa√±oles ven ‚Äúestupendo‚Äù que musulmanes, jud√≠os y evang√©licos tengan su casilla de la X @prensaCEE @DiocesisBilbao @iglesiaenaragon|1.0|0.5482411
41|@EJLantigua Soto va a estar a nivel de Harper/Tatis. Ya debemos dejar de privar en #victimas en todo. Los latinos tan s√∫per bien pagados. Y si no gana premios‚Ä¶es porque no los merecen.|1.0|0.999708
42|üìçLas Ra√≠ces, TENERIFE. üí∞Millones de ‚Ç¨ de nuestros bolsillos en plena crisis, para mantener a esta lacra de delincuentes que no quieren en su pa√≠s. ‚û°Ô∏è Ni una sola mujer, ancian@, ni√±@s peque√±os, solo hombres... #StopInmigraci√≥nIlegal #La√ëEst√°EnPeligro #LevantandoEspa√±a|1.0|0.9997037
43|@javierremirez Sois unos sinverg√ºenzas in√∫tiles!! Cerrando bares y restaurantes mientras dej√°is los aeropuertos abiertos al turismo de pa√≠ses mucho m√°s afectados de COVID y dejando campar a sus anchas a inmigrantes ilegales! C√≥mo va la acogida de MENAS Rem√≠rez? A cu√°ntos te has metido en casa?|1.0|0.99970263
44|@contrastado Barcelona la ciudad que fue. Y a la cumbre del clima la ESPA√ëA progHEZ lleva a Colau la coartada de; ilegƒÖles mƒônas mantƒôros ocupƒÖs antisƒØstemas antifƒÖscistas golpƒØstas......|1.0|0.71677804
45|@cuevas_dawson Cripto jud√≠os con DNI espa√±ol|0.0|0.0021550439
46|@carbonitedan @FranFransor1 @hasta_el_mismo3 @Mazinguer88 Llamamos escoria cuando es un espa√±ol el que agrede , pero miramos hacia otro lado cuando hay decenas de agresiones por parte de menas y musulmanes a diario . No hay nada que explicar , usted parece lo bastante inteligente como para entender lo que ocurre en este pa√≠s .|1.0|0.86805135
47|Los chilenos, tanto como los jud√≠os y toda naci√≥n, tenemos todo derecho a poner condiciones a quiera avencindarse entre nosotros. Los que alegan que los inmigrantes ilegales tienen mejores derechos que los nuestros son totalitarios y usualmente criminales|0.0|0.00059693697
48|Estos son los 14 directivos que dirigir√°n la nueva CaixaBank tras la fusi√≥n con Bankia|0.0|0.00025746482
49|Ser buena persona,no significa que te dejes poner colarad@ a golpes...Pues lo mismo con los inmigrantes ilegales: Me gustar√≠a ayudarte,PERO la gente q a levantado este pa√≠s va primero cari√±√≥ üòò #LevantandoEspa√±aConVox #LevantandoEspa√±a #TeamVox|1.0|0.9996013
50|El IPC de diciembre ha subido al 6'7% mientras las pensiones las suben un 2'5%. Resumen= Bajan un 4'2% y traen m√°s ilegales subsaharianos y magreb√≠es con subsidios. Agenda 2030.ü§îüá™üá¶|1.0|0.9994796
51|Vecinos de Casabermeja (M√°laga) se hartan de los okupas: batalla campal contra los delincuentes|0.0|0.43034577
52|@danypunkz @DommSantista1 Ya despu√©s llego @JZERMENOI y Torreo valio pura verga....pero si...si mi estimado @danypunkz ....VENCIMOS AL PUTO DESIERTO, A pesar de chinos cabrones, espa√±oles ventajosos y √°rabes vergones(üòé) , se venci√≥ como laguneros¬°¬°¬°¬° *suena Viento de Apache***|1.0|0.7774901
53|@CapitanBitcoin Lo que no puedo comprender es el estancamiento de j√≥venes entre 40 y 20 a√±os en temas como el de los menas y exmenas.Ellos tienen que cumplir con la ley ,son espa√±oles y muchos en casa de papi.A los IILEGALES que deber√≠an ser deportados les dan.... y ellos no reaccionan.Asi .....|1.0|0.9968272
54|‚úä ¬°Maldito #karma! Detenido uno de los jueces que defendi√≥ la Ley de Violencia de G√©nero‚Ä§.. por una denuncia de su mujer|0.0|0.00026185956
55|Cuando los agresores son magreb√≠s la agresi√≥n no es hom√≥foba.|0.0|0.004837153
56|Dos ladrones magreb√≠es abusan sexualmente de una joven e intentan desnudarla en una plaza del centro de Valencia|1.0|0.99968517
57|Andaluc√≠a endurece las sanciones por infringir medidas sanitarias: ¬°600.000 ‚Ç¨ por incumplir aforos!|0.0|0.3789289
58|@eldonaji @T13 Bueno, yo tengo de vecinos a ambos lados de mi casa a inmigrantes y mi vecina Chilena, cree que ellos son delincuentes que vienen a quitarle la pega a los Chilenos, los prejuicios y xenofobia ciegan mas all√° de lo evidente.|1.0|0.9994981
59|que viva Venezuela que viva la revoluci√≥n bolivariana que viva nicolas maduro moros primitivo cede√±o gobernador de portuguesa|0.0|0.0656513
60|Un aplauso a las patronas que le dan una mano amiga a los inmigrantes.|0.0|0.0022218695
61|@Alex_LeonD Que los cristianos celebren la Navidad as√≠ como los musulmanes celebran el Ramadam y nadie se ofende. ¬øPor qu√© a los cristianos se los discrimina? La doble moral de estos pseudo gobernantes, deber√≠an dar gracias a Dios porque su prosperidad vino gracias al cristianismo.|0.0|0.00026681853
62|O la kakuna no sirve o los menas que la l√≠an. Pero algo no funciona en Catalu√±a. Ambas me da a mi. #Soloquedavox|1.0|0.743148
63|3 magreb√≠es detenidos en Barcelona por robar el reloj a una turista alemana de 80 a√±os. Ya han quedado en libertad.|1.0|0.99958974
64|@NeoReaccionario Bergoglio es un falso papa. Diversos grupos dentro de la iglesia Cat√≥lica e incluso algunos jud√≠os entienden que estamos finalmente ante el FALSO PROFETA anunciado en el libro del Apocal√≠psis.|0.0|0.00030533902
65|@MarceloSjw @siervo_creyente @Pablo51728734 @electo_mania Los Romanos eran los peores enemigos de los Judios y Cristianos, ¬øentonces porqu√© YHWH en lugar de castigarlos los eligi√≥ para organizar su Palabra en Nicea? No lo se, piensalo, tal vez esos Reyes te enga√±aronüòÑ|0.0|0.0015849711
66|@simangeo Que clich√© tan barato, intentando llamar feministas tontas a tu causa. Muy rid√≠culo, porque HAMAS VICTIMIZA MUJERES y no es una inocente e indefensa mujer violada, es una organizaci√≥n jurada para matar jud√≠os y destruir ISRAEL. No lo veras pasar. Tu alma seguir√° atormentada !ü§°|1.0|0.8601497
67|¬øQU√â HACEN LA HEZQUIERDA Y LOS MEDIOS C√ìMPLICES ANTE ESTOS HECHOS QUE EST√ÅN SIENDO MUY FRECUENTES? Y LAS #Feministas, ¬øQU√â HACEN CON ESTAS AGRESIONES DE INVASORES DELINCUENTES? #gobiernosocialdelincuente #inmigrantes #delincuentes #bienvenidosabordo|1.0|0.86275464
68|@SrLeoS1 @ricardoescu @gustavoaloip S√≠, para entrar a otros pa√≠ses √°rabes|0.0|0.0017686236
69|Dos magreb√≠es detenidos en Lugo tras golpear con una barra de hierro a un hombre para robarle v√≠a @gaceta_es|1.0|0.9997317
70|Qu√© fulera la escenificaci√≥n de los programas de NACI√ìN+, molesta a la vista todo ese cuadriculado con filetes negros y solo una pantalla a color. Vi a MAJUL, tampoco me gust√≥, mucha gente!!|0.0|0.00026368265
71|@JMonteroK9 @PerlaRiverenha Hace 1 perro algo sin saber c√≥mo y por qu√© y sale en todos los medios. Hasta la raza. De la manada de magreb√≠es que ha violado a una chica de 17 a√±os no he sabido nada. De la manada espa√±ola se supo hasta la calle donde viv√≠an...|1.0|0.9995617
72|"@VictoriaCF @JuanJoseAvalo1 @edelvallerod Lo dice muy claro ""la MONADA ESA de la cruz roja ayudar a los MAGREB√çES que vienen muy mal"". Habla de todos los magreb√≠es (refer√®ncia a los que vinieron en mayo sin distingir delincuentes) y denigra a la chica. Pero claro, l@s racistas y machistas de mierda de vü§Æx os blanque√°is."|1.0|0.75193286
73|Me ha dicho mi madre ya que ni se nos ocurra decirle nada a los gitanos porque tienen cuchillos y navajas, que vaya mirando tapones de estos que a√≠slan el ruido a tope mejor para poder dormir xd|1.0|0.7467441
74|@Santi_ABASCAL @Igarrigavaz Sois muy necesarios en la recuperaci√≥n de Catalu√±a, imprescindibles!! #NiUnPasoAtras üí™üèΩ #VoxExtremaNecesidad y #ProtejamosEspa√±a üá™üá¶ üá™üá¶|0.0|0.026272757
75|Detenidos seis menores magreb√≠es por encerrar y amenazar a dos cuidadoras de un centro de acogida en Fuerteventura - La Provincia|1.0|0.9983575
76|#Rep√∫blica üö® üöì Uno de los detenidos contaba con una ficha roja de b√∫squeda, por su probable relaci√≥n con un grupo delictivo dedicado a la falsificaci√≥n de medios de pago electr√≥nicos en diversos pa√≠ses de Europa ‚¨áÔ∏è|0.0|0.00046631324
77|üí¨ ¬´Hay que ser antirracista en lo cotidiano¬ª, entrevista a Moha Gerehou, autor de ‚ÄúQu√© hace un negro como t√∫ en un sitio como este‚Äú üëâ Consulta la entrevista completa en #Reportajes #Racismo #CEAAULA|0.0|0.00026269176
78|@DebatAlRojoVivo Luego viene una manada de magreb√≠es y te violan en grupo...|1.0|0.999711
79|@valkiria642 Las personas normales no se re√∫nen en manada para realizar ese tipo de actos. S√≥lo los delincuentes y ‚Äúalgunos‚Äù extranjeros ilegales, que justificando sus culturas, quieren implantar en Espa√±a üá™üá∏ sus leyes y sus costumbres. #La√ëEstaEnPeligro üëáüèº|1.0|0.9997397
80|@AntofagastaTV Grave. Lamentablemente son impunes por su condici√≥n de ilegales. Una verdadera mierda eso que llaman INMIGRANTES en Antofagasta|1.0|0.9997019
81|@iescolar Escolar, la gente est√° hasta los cojones de las violaciones, agresiones, robos, amenazas y palizas que reciben de menas, magreb√≠es e inmigrantes ilegales. Co√±o, ¬øporque no publicas las violaciones casi diarias que sufrimos por esta gentuza? Hay Barrios que est√°n al limite|1.0|0.99973184
82|.#Expulsi√≥nya Dos magreb√≠es abusan sexualmente de una joven en una c√©ntrica plaza de Valencia|1.0|0.9997198
83|@Lolxd4K Yo puedo con 10 negros y el pelon de brazzers|0.0|0.00075383787
84|"Pues esta mujer subnormal,enviaba gitanos, extorsionaba estudiantes y los enviaba con el dinero üí∞ a ""comprar""Lo que iba es a una muerte segura. Porque tendr√≠an que ir hasta el amazonas. Porque ya de por si , nadie habla de eso en Ecuador y Colombia. #Navarra #Tudela #Pamplona"|1.0|0.98846775
85|Una pregunta, despu√©s de los m√∫ltiples asesinatos cometidos a navajazos y machetazos, las violaciones y las agresiones, como la del polic√≠a de Zaragoza y robos, ¬øpodemos decir que los magreb√≠es son profundamente racistas con los espa√±oles o solo somos racistas nosotros?|1.0|0.9956631
86|#LevantandoEspa√±aConVox #LevantandoEspa√±a #TeamVox #StopIslamizaci√≥n Un periodista CATAL√ÅN llama NAZ1 a VOX y GARRIGA le da un REPASO HIST√ìRI... a trav√©s de @YouTube|1.0|0.52223533
87|@hermanntertsch @elespanolcom Lo que se cuenta en esta noticia es terrible. No s√≥lo abusos sexuales, tambi√©n un c√∫mulo de delitos de todos los responsables del centro, de los falsos menas y de todo el que pasaba all√≠.|1.0|0.99937975
88|El Gobierno y el PP nacional plantan a las v√≠ctimas del terrorismo en el 40 aniversario de su asociaci√≥n|0.0|0.00026349092
89|"@adryR49109310 @MaraJos19539414 @Santi_ABASCAL No se equivoqu√©, Smith el boina ""Rosa"" Odiando los gays, Olona, las menas, Monasterio pestes de lo inmigrantes del color que sean, Abascal el de polipiel, solo cazar y todos, Espa√±a en blanco y negro!! Los espa√±oles no queremos eso!!"|1.0|0.68354845
90|@portilla_montse Ah s√≠ y tambi√©n me dijeron que el Capitalismo y el Socialismo son inventos jud√≠os para controlar todo, y que lo √∫nico que se opone a esto es el Nacional Socialismo, que si nos va llevar al para√≠so. üòÇü§°|0.0|0.117427796
91|@irene_menas Dan ganas de meterse en el agua.üòç|0.0|0.00037592405
92|üëÆüèª‚Äç‚ôÇÔ∏è Arrestan a dos magreb√≠es en Alguazas (Murcia) tras cometer casi una veintena de robos con gran violencia en viviendas #Murcia #Polic√≠a #Inmigraci√≥n|1.0|0.883708
93|Ortega Smith: ¬´La violencia tiene una causa directa con la entrada masiva de inmigraci√≥n ilegal¬ª|0.0|0.0019630212
94|üìåTienen bien aprendida la lecci√≥n üëá LOS ESPA√ëOLES SON TONTOS y nos mantienen. ‚òùÔ∏èUna muestra m√°s de que vienen a integrarseü§¨ üöôMercedes de paguita o de droguita? ü§î #La√ëEst√°EnPeligro|0.0|0.03148661
95|@eva_sefue @gonza_loco21 Pues siguen en barracones, muertos de asco con cero ayudas y viendo como los inmigrantes ilegales est√°n de puta madre #AscoDeGobierno #Soloquedavox|1.0|0.9997161
96|@ElHuffPost ¬øPara cu√°ndo una informaci√≥n sin sesgo y veraz? Hasta entonces, sugiero que informen de las agresiones diarias, violaciones en manada, robos etc..a los espa√±oles (de toda condici√≥n) por parte de los Menas. Gracias!|1.0|0.9997106
97|@vox_es @Jorgebuxade Ahora solo queda devolver a los menas a su pa√≠s. Son responsabilidad de sus familias y del gobierno de Marruecos, no de los espa√±oles. Se acab√≥ la tomadura de pelo, fuera pagas y subvenciones, los espa√±oles no estamos para mantener a los hijos de los marroqu√≠es.|1.0|0.9996718
98|@BeatrizValenzu2 @PeterlouisMR @example_1000 Esa es la parte triste no pagar√°n por el delito que han cometido #ArribaVOXvenceremos #VoxExtremaNecesidad #SiguemeYTeSigoVOX|1.0|0.99256176
99|2 A.M escuchando LOS MOROS. Alguien que me mate|1.0|0.98287576
100|@Txaro29871396 @Puri10088084 @jjaviervazquez Poruqe no hablan de la violaci√≥n a la ni√±a de 17a√±os de Vizcaya? Poruqe la han violado una manada de magreb√≠es?? Se est√° criminalizando al hombre nativo, ese es el camino|1.0|0.9996803
101|Es evidente que la izquierda es parte de ETA y ETA est√° en la Izquierda ya no disimulan creen que los Espa√±oles olvidamos y nos da igual. Est√°n equivocados y la izquierda primero desaparecer√°n y luego ser√°n ilegales como @EJBildu enemigo #EsHoraDeVox #TeamVox #LevantandoEspa√±a|1.0|0.72976744
102|@CelebiCeleste Odio el de la panda de magreb√¨es ue dan la.paliza a uno en Tarrasa.|1.0|0.9379795
103|@gardenia073 Y esa gente se inyectaron marihuana alguna vez en su vida? Se ven bien jodios|0.0|0.0002811433
104|@rod22daiz @Mark74274260 @Ramon_AlvarezMM Madrid Ciudad racista donde pegan gays negros moros y noruegos|0.0|0.37474734
105|@sanchezcastejon Centro de menores de Hortaleza, 50 magreb√≠es, 52 subsaharianos y 5 espa√±oles. Pues si hablamos de las c√°rceles espa√±olas ya ni te cuento. Esa es la recuperaci√≥n, mantener delincuentes extranjeros|1.0|0.99973005
106|@vox_es Claro, como parte de futuros VOTANTES del PSOE y PODEMOS...COLECTIVOS de DROGADICTOS ADOCTRINADOS CRIMINALES CASTROCHAVISTAS, OKUPAS, MENAS E INMIGRANTES ILEGALES QUE TRAEN Y ALOJAN POR TODA ESPA√ëA..Y, que corren a darles nacionalidad, para que puedan votar, adivinen por quien?|1.0|0.9959752
107|Lo que #Iquique necesita, son turista que traigan dinero y desarrollo. No necesitamos inmigrantes Ilegales que s√≥lo traen pobreza, delincuencia, asesinatos, violaciones y suciedad. Exijimos su pronta expulsi√≥n|1.0|0.9997309
108|@LaGacetaSA Para cuando un especial sobre inmigraci√≥n ilegales que viola a ni√±as espa√±olas, Magreb√≠es marroqu√≠es y subsaharianos, bandas latinas y sinverguezas varios que roban, trafican, okupan y delinquen por toda la geograf√≠a espa√±ola y europea. Lo tienes f√°cil, s√≥lo tienes que mirar.|1.0|0.9997259
109|@hermanntertsch Canarias exporta menas e ilegales. Ada no los quiere m√°s|1.0|0.72483134
110|@MoiraAisa @HELIODOPTERO Maldita CORRUPCI√ìN tan hp que tiene nuestro hermoso PA√çS, con la cat√°strofe de hace 4 a√±os, Colombia recibi√≥ varios MILLONES DE D√ìLARES por China, Emiratos √Årabes y otros pa√≠ses para ayudar MOCOA, entonces que hicieron esa plata para as√≠ haber prevenido otra cosa igual.|1.0|0.7389433
111|Ecoembes, entidad sin √°nimo de lucro, acusada de inflar la cantidad de envases que recicla|0.0|0.0002650028
112|Seguro Per√∫ va a poner ene de su parte con el doble de inmigrantes que nosotros. Para qu√© hablar de la s√∫per motivada policia boliviana.|1.0|0.6324668
113|@GabrielSinMas @aljoroco4 @vox_es Porque Espa√±a conquist√≥ Am√©rica, pero nosotros incluso nuestra matem√°tica procede de musulmanes, as√≠ como gran parte de el conocimiento de occidente|0.0|0.00039012794
114|@liberumibero @VinnieMcfly @MLopezSanMartin No bueno. Limosneros y gitanos pero dignos. ü§£|0.0|0.34027126
115|@MasMadridCM En vez de enfocarae en el problema atacan a Madrid. Todos los detenidos son magrebies y dominicanos. Los que la izquierda trae en masa y protege mientras les dan una paguita. ü§Æ|1.0|0.99973744
116|@Panda234uwu mi papa se cayo de las escaleras, esta empezando a convulsionar y est√°n entrando unos √°rabes en mi casa|0.0|0.00564946
117|Gente, no os paseis con la sidrq antes De las camoanadas, yo ya ando con dolor De cabeza XD. feliz ano a todos Los Latinos que ya esteis en 2022|0.0|0.00035082884
118|@LaEtxeberrinche @GitFeministas @gitanos_org @fakaligitanas @romiasociacion @Kamirafed @FAGIC1 @gitanos_org_MA @gazkalo Lo peor ya no es solo lo que dice si no como lo dice.|0.0|0.00040745677
119|Escuchar decir a Emilio ‚Äú HOLA TODES ‚Äú me dice que estamos muy jodios como sociedad üìâüìâ|0.0|0.00045863783
120|@JavierVillamor Pues ya he visto a muchos musulmanes por aqu√≠ que los defienden.|1.0|0.8394104
121|¬°Hola @SaludMadrid! Tenemos a una persona que ha estado en contacto #DIRECTO con un positivo üî¥ CONFIRMADO de #COVID19 y no consigue que le hagan el PCR. ¬øEsto es normal? Gracias. Cc @sanidadgob|0.0|0.00027761588
122|"YouTube () El otro Biden: en 2006 vot√≥ ""por 700 millas de muro"" y criticaba la inmigraci√≥n ilegal En 2006 Joe Biden criticaba a los inmigrantes ilegales y ped√≠a reforzar el muro"|0.0|0.00025106876
123|@irene_menas San Abundio fue el cuarto obispo de la ciudad italiana de Como, sucediendo a San Amancio, que tambi√©n las liaba...|0.0|0.01784675
124|La √∫ltima de Marlaska: no tolera que se hable de menas ¬´fugados¬ª sino de ¬´desaparecidos¬ª|0.0|0.33370456
125|Es un chico de una familia muy conocida de Valencia. 16 a√±os, un tiarr√≥n de 1,90 que nada pudo hacer contra un grupo de MENAS delincuentes. Esperaron a que se separase de sus amigos para atacarle por la espalda. Le robaron y se ensa√±aron con √©l en el suelo destroz√°ndole la cara.|1.0|0.99927276
126|@islamenmurcia @VivirSinRacismo @CONGDRMurcia @pacoviudes @GinesRuizMacia @mgfigal @Llampico @Ballesta_Murcia @SerranoJAntonio @antelini @VicepresidenRM Vaya por delante mi condena pero ....ellos condenan las agresiones en manada de magreb√≠es ?|1.0|0.9976255
127|@occidcomitatus Me puse a leer sobre √©l, y si bien el cartagin√©s me sigue pareciendo superior en cuanto a cruce por pasos monta√±osos respecta, el romano no deja de ser notable. Eso si, como quedaron √©l y los persas le dej√≥ camino libre a los √°rabes de manera que ninguno de los 2 esperaba jajaja|0.0|0.002024703
128|@OtraPendeja Salen esos panchitos, pizzas, picadas, choris, snacks, gaseosas y dem√°s. Todo sin etiquetado as√≠ termina de enloquecer.|0.0|0.0008270536
129|@yag6mi @denjikiut @drak69n nos cambio por alguno d sus inmigrantes seguro|1.0|0.99922955
130|@desdelamoncloa @sanchezcastejon @Defensagob @MAECgob @inclusiongob Les recuerdo q ustedes y @PODEMOS nos llenaron nuestros barrios d bandas d delincuentes, magrebies q entraron ilegalmente por Canarias, Ceuta y Andalucia. Las mafias okupas q uds protegen invaden nuestra propiedad, y los propietarios nos quedamos en la calle. Esto q es lo q es.üëá|1.0|0.99972564
